SMILES,WienerIndex,ZagrebIndex,TPSA,BalabanIndex,Kappa1,Kappa2,Kappa3,MolecularWeight,LogP,NumHDonors,NumHAcceptors,NumRotatableBonds,NumRings,QED
CC(C)COCC(CN(CC1=CC=CC=C1)C1=CC=CC=C1)N1CCCC1,1895.0,132,15.71,1.735119470509105,19.908794575753564,10.482776036995189,6.369034040203015,366.5490000000002,4.830200000000005,0,3,10,3,0.5988605961954666
CN(C)CCOC1=CC=C(C=C1)C(=C(\CCCl)C1=CC=CC=C1)\C1=CC=CC=C1,2330.0,142,12.47,2.0213468643223833,21.165898455959802,10.847804995000011,5.961916895376913,405.96900000000005,6.215000000000006,0,2,9,3,0.30945335399668383
CC(CC(C1=CC=CC=C1)C1=CC=CC=C1)NC(C)(C)C,934.0,104,12.03,2.2141712757468155,15.782545174932716,6.906843880182502,5.019335469998782,281.44300000000004,4.985200000000004,1,1,5,2,0.8142368841249362
CCN(CC)CCOC1=CC=C(C=C1)C(=C(Cl)C1=CC=CC=C1)C1=CC=CC=C1,2488.0,142,12.47,1.8578317330150196,21.165898455959802,10.847804995000011,5.723225909677843,405.9690000000001,6.562600000000007,0,2,9,3,0.3734283215865667
CC(CN1C2=CC=CC=C2SC2=C1C=CC=C2)N(C)C,744.0,106,6.48,2.0315697070684253,13.529274335340189,5.5050104357236735,2.433756182332631,284.428,4.239400000000004,0,3,3,3,0.8321538928687809
CCN(CC)CCCN(C1CC2=C(C1)C=CC=C2)C1=CC=CC=C1,1395.0,120,6.48,1.6966368802021723,17.037032989549893,8.343088615408353,3.9901234567901227,322.49600000000004,4.392300000000004,0,2,8,3,0.7109023456343512
COC1=CC2=C(SC3=CC=CC=C3N2C[C@H](C)CN(C)C)C=C1,1130.0,120,15.71,1.9870942688955264,16.216343556988203,6.850695679146933,3.48376861569279,328.4810000000001,4.495600000000004,0,4,5,3,0.8027021109078472
C[C@H](CC1=CC=CC=C1)N(C)CC#C,337.0,62,3.24,2.4924781054434817,10.818492935635792,5.46596949475999,3.237538667639422,187.28599999999994,2.1826,0,1,4,1,0.6530251998867977
CN(C\C=C\C#CC(C)(C)C)CC1=C2C=CC=CC2=CC=C1,1273.0,108,3.24,1.9777134332849182,16.332574442048834,7.292121272244438,5.057600097744207,291.438,4.877300000000004,0,1,4,2,0.7258618266744273
CC(COC1=CC=CC=C1)N(CCCl)CC1=CC=CC=C1,1046.0,98,12.47,1.9041693414958267,15.870906921468439,8.705162031710836,5.40833237400151,303.83299999999997,4.194900000000003,0,2,8,2,0.6778826115024819
C\C(\C=C\C=C(/C)\C=C\C1=C(C)CCCC1(C)C)=C/C=C/C=C(\C)/C=C/C=C(\C)/C=C/C1=C(C)CCCC1(C)C,7984.0,194,0.0,1.8856379790499538,33.3470037553803,15.80332830428255,11.32405430008176,536.8880000000003,12.605799999999977,0,0,10,2,0.24351270202197942
CN(C)CCC=C1C2=CC=CC=C2CCC2=C1C=CC=C2,882.0,108,3.24,2.065949702723201,14.093099980398282,6.275955030244733,3.0846273208160424,277.41099999999994,4.168600000000003,0,1,3,3,0.8136783893547586
CN(C)C1=CC=C2C(C=CC(\C=C\C3=C(C)N(C(C)=C3)C3=CC=CC=C3)=[N+]2C)=C1,2463.0,156,12.05,1.7031022208859143,19.00679023622427,7.591373851977636,3.5609027583107578,382.53100000000006,5.308240000000006,0,1,4,4,0.4357934712440574
CN(C)CC\C=C1\C2=CC=CC=C2SC2=C1C=C(Cl)C=C2,896.0,110,3.24,2.062890975135638,14.706242135858965,6.266454204965884,3.1796920280138097,315.869,5.188000000000004,0,2,3,3,0.6542213588943051
CN(C)CC\C=C1/C2=CC=CC=C2CSC2=CC=CC=C12,882.0,108,3.24,2.0659497027232017,14.428222481005053,6.50379711452785,3.2240662322812885,295.451,4.675700000000004,0,2,3,3,0.8088707188299813
CC(CN(C)C)CN1C2=CC=CC=C2CCC2=C1C=CC=C2,979.0,114,6.48,1.9850866170180106,15.109422936449963,6.533333333333334,3.1720049014987266,294.442,4.121000000000004,0,2,4,3,0.8366473557753504
CN(C)CCC=C1C2=CC=CC=C2C=CC2=C1C=CC=C2,882.0,108,3.24,2.1007180530682668,13.84446029858634,6.108267125022063,2.98274411929076,275.395,4.553800000000004,0,1,3,3,0.6773504085567708
CCCCCCCCCCCCCCCCCCCCCCO,2024.0,86,20.23,2.9219621943934726,22.96,21.96,21.960000000000004,326.60900000000004,7.800600000000008,1,1,20,0,0.226191976485649
CNCCCC12CCC(C3=CC=CC=C13)C1=C2C=CC=C1,810.0,118,12.03,1.8805976481796658,13.090051020408161,4.993710782028756,1.8023658294971152,277.411,4.211400000000004,1,1,4,5,0.8254375445230729
CC(C)(C)N1CCC(CC1)(C1=CC=CC=C1)C1=CC=CC=C1,984.0,118,3.24,1.9715624872465478,15.301626275510202,5.887683316002724,2.825858290723155,293.454,4.867000000000004,0,1,2,3,0.7635023064271197
CN1CCN(CCCN2C3=CC=CC=C3SC3=C2C=C(Cl)C=C3)CC1,1544.0,134,9.72,1.493235644664381,17.225707284473156,7.583404719912659,3.82238204476409,373.9530000000002,4.580200000000004,0,4,4,4,0.775124662295156
CN(C)CCCN1C2=CC(Cl)=CC=C2CCC2=C1C=CC=C2,995.0,114,6.48,1.9836353241232165,15.388161151015984,6.719552325532733,3.2857132602320616,314.86,4.528400000000004,0,2,4,3,0.8178744322781548
CN(C)CCCN1C2=CC=CC=C2CCC2=C1C=CC=C2,882.0,108,6.48,1.946085728189517,14.150516197935207,6.314843310189529,3.108345481049562,280.41499999999996,3.8750000000000036,0,2,4,3,0.8384623265941304
CN1CCC[C@@H]1CCO[C@](C)(C1=CC=CC=C1)C1=CC=C(Cl)C=C1,1362.0,124,12.47,1.7824946153031798,17.47230332155244,7.689383736353432,3.826164180769678,343.898,5.104400000000005,0,2,6,3,0.7227145221154114
CSC1=CC=C2SC3=CC=CC=C3N(CCC3CCCCN3C)C2=C1,1444.0,134,6.48,1.6303380857414707,17.3206547725985,7.6461936355218905,3.574511597657241,370.5870000000002,5.885600000000006,0,4,4,4,0.619208184507319
CN(C)CCOC(C1=CC=CC=C1)C1=C(C)C=CC=C1,825.0,96,12.47,2.228710246066691,14.76255105525579,7.224666779448497,3.924764681382757,269.388,3.662620000000003,0,2,6,2,0.7932087270574181
ClC1=C(C=CC=C1)C(N1C=CN=C1)(C1=CC=CC=C1)C1=CC=CC=C1,1225.0,134,17.82,2.153583648156872,15.673998801944185,6.577182238233219,2.5530431664020705,344.845,5.376700000000004,0,1,4,4,0.45454498474207145
CCN(CC)C(C)CN1C2=CC=CC=C2SC2=C1C=CC=C2,988.0,114,6.48,1.958547830863465,15.445865802036371,6.758275044517169,2.8787419651056023,312.482,5.019600000000005,0,3,5,3,0.7651953187356423
CN(C)CCCN1C2=CC=CC=C2SC2=C1C=C(Cl)C=C2,896.0,110,6.48,1.9437632658356148,14.763801473252023,6.304372410382191,3.203270439286252,318.87300000000005,4.8944000000000045,0,3,4,3,0.7918053413291344
CN(C)CCCN1C2=CC=CC=C2SC2=C1C=CC=C2,789.0,104,6.48,1.9079557582606879,13.529274335340189,5.8974041608264,2.6928367155024646,284.428,4.241000000000003,0,3,4,3,0.8288580486751156
COC1=CC2=C(C[C@H]3[C@H]4CCCC[C@@]24CCN3C)C=C1,682.0,116,12.47,1.878064713272342,12.700482099286223,4.489710209343101,1.604791759224291,271.4039999999999,3.3834000000000026,0,2,1,4,0.776132215018127
C(C(C1CCCCC1)C1CCCCC1)C1CCCCN1,802.0,100,12.03,1.6083797130755597,14.878958463973246,7.8230600428570565,3.9950172791174468,277.4959999999999,5.295400000000005,1,1,4,3,0.7354070672581982
CCC(=O)C1=CC=C2SC3=CC=CC=C3N(CC(C)N(C)C)C2=C1,1250.0,126,23.550000000000004,2.068863893591207,17.056367157374492,6.994053963066903,3.212428763439241,340.4920000000001,4.832100000000005,0,4,5,3,0.7273120276641492
CNCCC=C1C2=CC=CC=C2CCC2=C1C=CC=C2,759.0,102,12.03,2.1133271211644953,13.1383245385578,6.06175238086963,2.5432784027273465,263.38399999999996,3.826400000000003,1,1,3,3,0.8299677542138636
CNCCCC1C2=CC=CC=C2C=CC2=C1C=CC=C2,759.0,102,12.03,2.034207092771706,13.1383245385578,6.06175238086963,2.5432784027273465,263.384,4.301900000000003,1,1,4,3,0.8108521414626005
ClC1=C(CN2CCC3=C(C2)C=CS3)C=CC=C1,533.0,90,3.24,1.741225139957795,11.271230384229662,4.807937906226536,2.3914768858210183,263.793,3.959800000000003,0,2,2,3,0.7928094140981294
CN(C)CCOC(C1=CC=CC=C1)C1=CC=CC=C1,736.0,90,12.47,2.1446055624492186,13.783863566244703,7.073267029461437,4.194495435474983,255.36100000000002,3.3542000000000023,0,2,6,2,0.784550440095116
CN(C)CCC=C1C2=CC=CC=C2COC2=C1C=CC=C2,882.0,108,12.47,2.065949702723201,13.901814763425588,6.146844081766772,3.006125990520758,279.383,3.9624000000000033,0,2,3,3,0.8428637069733037
CC1=CC=C(C=C1)C(=C/CN1CCCC1)\C1=CC=CC=N1,953.0,106,16.130000000000003,1.9000053066067313,14.026132168654264,6.682521574073874,3.586721213848961,278.39899999999994,3.917520000000003,0,2,4,3,0.8424584892828999
CN1CCN2C(C1)C1=C(CC3=C2C=CC=C3)C=CC=C1,687.0,112,6.48,1.9017661245550797,11.97999288002848,4.637130177514793,1.831999373482653,264.372,3.0839000000000016,0,2,0,4,0.7212588245608211
C[C@@H](NCCCC1=CC(=CC=C1)C(F)(F)F)C1=CC=CC2=C1C=CC=C2,1958.0,134,12.03,1.5662199267403214,18.46075934416159,7.9167607935188595,4.4389253485882225,357.41900000000004,6.142000000000005,1,1,6,3,0.5224072222569837
CNC1(C)C2CCC(C2)C1(C)C,161.0,70,12.03,2.344959806871241,8.55346898338668,2.2545743378422767,0.7360392119898203,167.296,2.4206000000000003,1,1,1,2,0.632181599279575
CN(C)CCOC1=CC2=C(SC3=CC=C(Cl)C=C13)C=CC=C2,1021.0,114,12.47,2.0004981369911174,15.474722514025515,6.777661196811699,3.4870595633885295,331.86800000000005,4.880900000000004,0,3,4,3,0.7918165012526931
CNCCCN1C2=CC=CC=C2CCC2=C1C=CC=C2,759.0,102,15.27,1.9961712661354012,13.195490638172728,6.101275951557094,2.5649296894273723,266.388,3.5328000000000026,1,2,4,3,0.8516371541172786
CN1CCC(CC1)=C1C2=C(CCC3=C1C=CC=C3)SC=C2,819.0,116,3.24,1.9134473390644677,13.29453510543239,5.432798172742178,2.3664491518545576,295.45099999999996,4.374200000000004,0,2,0,4,0.6971894339624279
CCCCN(CCCC)CCC(O)C1=C2C=CC(=CC2=C2C=C(Cl)C=C(Cl)C2=C1)C(F)(F)F,3228.0,170,23.47,2.03418003298527,26.081359574534368,11.263845541956044,6.32855234524097,500.4320000000001,8.644300000000001,1,2,10,3,0.2817693045006755
CNCCCCOC1=C(CC2=CC=CC=C2)C=CC=C1,950.0,92,21.259999999999998,1.9221496145217256,14.60581597222222,8.3865338882283,4.706564056133996,269.38800000000003,3.655800000000003,1,2,8,2,0.7385025989589168
CCC(OC(C)=O)C(CC(C)N(C)C)(C1=CC=CC=C1)C1=CC=CC=C1,1436.0,128,29.54,2.7124078628276305,20.185205615238647,8.996215204344972,4.336144776515299,353.50600000000003,4.654600000000005,0,3,8,2,0.6468185140544594
CN1[C@H]2CC[C@@H]1C[C@@H](C2)OC(C1=CC=CC=C1)C1=CC=CC=C1,1161.0,124,12.47,1.5709905337644723,14.921147645740815,6.463714555599074,3.0598472025657415,307.437,4.417800000000004,0,2,4,4,0.8289288715670488
CCC(=O)C(CC(C)N(C)C)(C1=CC=CC=C1)C1=CC=CC=C1,1044.0,114,20.310000000000002,2.661361390026637,17.424270887888333,7.560773919248965,3.532758370521064,309.45300000000003,4.292000000000004,0,2,7,2,0.7601212787758543
CN1CC(C2=CC=CC=C2)C2=CC=CC(N)=C2C1,555.0,96,29.259999999999998,2.1074737181046364,11.299504890713681,4.4649612493444435,1.8880742346082224,238.33399999999997,2.8461000000000007,1,2,1,3,0.7740399810607016
OC(C1=CC=CC=C1)(C1=CC=CC=C1)C12CC[N+](CCOCC3=CC=CC=C3)(CC1)CC2,3090.0,176,29.46,1.3073777809655758,21.38909020246209,8.820025406122275,3.790250392167083,428.5960000000003,5.140000000000005,1,2,8,6,0.3976273688512239
CN[C@H]1CC[C@@H](C2=CC(Cl)=C(Cl)C=C2)C2=CC=CC=C12,770.0,106,12.03,2.0462380294045226,13.940059105726002,5.767688568006868,2.460403676879641,306.236,5.179600000000004,1,1,2,3,0.8058613927728191
CN1CCOC(C2=CC=CC=C2)C2=CC=CC=C2C1,650.0,98,12.47,2.0314470752587894,12.396686360221295,5.554883036559278,2.698159794025511,253.345,3.238000000000002,0,2,1,3,0.7733298315151294
CN(C)CCC(C1=CC=C(Cl)C=C1)C1=CC=CC=N1,718.0,92,16.130000000000003,2.25847511572667,14.03810833666951,6.68985926125854,4.049073463055102,274.795,3.8186000000000027,0,2,5,2,0.8240069237957237
CN(C)CCC(C1=CC=C(Br)C=C1)C1=CC=CC=N1,718.0,92,16.130000000000003,2.25847511572667,14.224000380423613,6.826182966360543,4.1490997732367605,319.246,3.9277000000000024,0,2,5,2,0.8300542359520315
CC1C2CC3=CC=C(O)C=C3C1(C)CCN2CC=C(C)C,870.0,116,23.47,1.9568456537174737,14.648695705259302,5.1696143665860355,2.3975778757740662,285.431,3.8826000000000036,1,2,2,3,0.8335259245753122
OCCN1CCN(CC\C=C2\C3=CC=CC=C3SC3=CC=C(Cl)C=C23)CC1,2000.0,142,26.71,1.4889552519845977,19.035453872209203,8.802633732845203,4.413672412776684,400.9750000000002,4.2363000000000035,1,4,5,4,0.6926572562952837
CN(C)CCC(C1=CC=CC=C1)C1=NC=CC=C1,614.0,86,16.130000000000003,2.236037923027508,12.778308504442961,6.313309631671969,3.4090017630861507,240.35000000000002,3.1652000000000013,0,2,5,2,0.7977462845021501
CN(C)C\C=C(\C1=CC=C(Br)C=C1)C1=CN=CC=C1,718.0,92,16.130000000000003,2.3987415139253154,13.969642403063043,6.639812137829195,4.012444278389034,317.22999999999996,3.8374000000000024,0,2,4,2,0.8516726555149139
C#CCN[C@@H]1CCC2=C1C=CC=C2,251.0,64,12.03,2.147729216670361,8.343298921307444,3.635894622799467,1.5865224645702365,171.24300000000002,1.8967,1,1,2,2,0.6700261204475028
ClC(Cl)C(C1=CC=C(Cl)C=C1)C1=C(Cl)C=CC=C1,581.0,90,0.0,2.4676187369448983,14.018545496589201,6.164208984375,3.128924686664911,320.04600000000005,5.929000000000003,0,0,3,2,0.6150214671313036
FC1=C(C=CC=C1)C1=NCC(=S)N(CC(F)(F)F)C2=CC=C(Cl)C=C12,1335.0,134,15.6,2.1928932100785112,17.820887160529633,6.724754096545166,3.8234094381937465,386.801,5.026200000000003,0,2,2,3,0.5313446230748397
CN(C)C(=O)CC1=C(N=C2C=CC(C)=CN12)C1=CC=C(C)C=C1,1137.0,122,37.61,2.190011179114441,15.282399930999292,5.8758692342404295,2.972204731109772,307.39700000000005,3.248840000000002,0,2,3,3,0.7446971593088006
CN(C)CCCOC1=NN(CC2=CC=CC=C2)C2=C1C=CC=C2,1307.0,116,30.29,1.7906088847422015,15.56131006253978,7.288957934251559,3.9025911736281094,309.413,3.4151000000000016,0,3,7,3,0.6265558693074326
CN[C@@H](C)CC1=CC=CC=C1,168.0,48,12.03,2.508120077819107,8.278231827111984,4.140518333373778,2.7243365010212277,149.237,1.837,1,1,3,1,0.6911085509284691
CCN[C@@H](C)CC1=CC(=CC=C1)C(F)(F)F,470.0,76,12.03,2.7505823470987134,13.036800267201068,5.344160556818799,3.8500658986092047,231.26099999999997,3.2459000000000024,1,1,4,1,0.8383597745599245
OC(CCN1CCCCC1)(C1CCCCC1)C1=CC=CC=C1,1039.0,112,23.47,1.7265103084694822,16.01390346535948,7.608623891357695,3.7212420871473175,301.47399999999993,4.330500000000004,1,2,5,3,0.8747104302685795
CN(C)CC(OC1=CC=CC=C1)OC1=CC=CC=C1,756.0,90,21.700000000000003,2.0348216209556864,13.432098765432098,6.805293005671078,4.6390532544378695,257.33299999999997,3.0321000000000016,0,3,6,2,0.7424381824141622
O=C1N(C[C@H]2CCCC3=CC=CC1=C23)[C@@H]1CN2CCC1CC2,931.0,130,23.550000000000004,1.528817791886669,13.122340968282113,4.821589868943879,1.8103745143878305,296.41400000000004,2.656500000000001,0,2,1,6,0.7952497114867855
CNCC[C@@H](OC1=C(C)C=CC=C1)C1=CC=CC=C1,728.0,90,21.259999999999998,2.1677101574786883,13.62748460330878,6.953864447086801,3.831122161756427,255.36100000000002,3.7246200000000034,1,2,6,2,0.8489950317721323
OC(CCN1CCCCC1)(C1CC2CC1C=C2)C1=CC=CC=C1,1142.0,126,23.47,1.5462663910996906,15.410174419205754,6.410005257211886,2.9914488726431796,311.469,3.9624000000000033,1,2,5,4,0.8320193452810374
CC1=NN=C2CN=C(C3=CC=CC=C3)C3=CC(Cl)=CC=C3N12,926.0,122,43.07,2.0133815691934758,13.220144300303355,5.0704066487242425,2.036578034945077,308.77200000000005,3.5801200000000026,0,3,1,4,0.6893709827759431
C1[C@H]2CNC[C@@H]1C1=C2C=C2N=CC=NC2=C1,386.0,94,37.81,2.0137366648572996,8.646727966472758,3.013271818531334,1.0638377944237734,211.268,1.8038999999999998,1,3,0,4,0.721762960406491
CN(C)CCCN1C2=CC=CC=C2SC2=CC=C(C=C12)C(C)=O,1154.0,120,23.55,1.9808087324038346,16.091008019015952,6.768441220317652,3.4327361220295463,326.46500000000015,4.4436000000000035,0,4,5,3,0.7577920516947434
COC1=CC2=C(C=C1OC)C(=O)C(CC1CCN(CC3=CC=CC=C3)CC1)C2,2333.0,148,38.77,1.3362548695620295,19.00679023622427,8.356363444273022,3.925173476821331,379.50000000000017,4.361100000000004,0,4,6,4,0.7474614915624848
CC1=NN=C2CN=C(C3=CC(Cl)=CC=C3N12)C1=C(Cl)C=CC=C1,1035.0,128,43.07,2.027496173750822,14.424029889645306,5.476836017977725,2.3467292305180467,343.21700000000004,4.233520000000003,0,3,1,4,0.6634881818264521
CN(C)CCOC(C)(C1=CC=CC=C1)C1=NC=CC=C1,805.0,98,25.36,2.287167069228301,14.693972974229522,6.638286463373893,3.4364376203332885,270.37600000000003,2.923300000000001,0,3,6,2,0.8067475103694609
CCC(=O)N(C1=CC=CC=C1)C1(COC)CCN(CCC2=CC=CS2)CC1,1893.0,136,32.78,1.7351879046800742,20.054815114205386,9.488968562668738,4.78052358067321,386.56100000000015,4.214800000000004,0,4,8,3,0.6810921785688574
CN1CCCC(CC1)N1N=C(CC2=CC=C(Cl)C=C2)C2=C(C=CC=C2)C1=O,1795.0,144,38.13,1.7878180711241383,18.205323124111292,7.829161513005722,3.919067594989891,381.9070000000001,4.297500000000004,0,3,3,4,0.678552511607709
CCCN1C[C@H](CSC)C[C@H]2[C@H]1CC1=CNC3=C1C2=CC=C3,945.0,122,19.03,1.7510761828559733,14.648970351845616,5.934405613799897,2.296634279562432,314.49800000000005,4.271100000000003,1,2,4,4,0.9085285470025661
CN1CCN(CC1)C1=NC2=CC(Cl)=CC=C2NC2=C1C=CC=C2,1082.0,126,30.869999999999997,1.8304332090303408,14.545837274701016,5.870760385193409,2.799077045717136,326.8310000000001,3.7227000000000023,1,4,0,4,0.8001222420891722
C[C@H]1CCC[C@@H](C)N1CCCC(O)(C1=CC=CC=C1)C1=CC=CC=N1,1514.0,128,36.36,1.7491415252527145,18.092224445542033,8.112562854303343,4.103321393608435,338.49500000000006,4.360600000000004,1,3,6,3,0.8499586361459243
C1CN2C[C@@H](N=C2S1)C1=CC=CC=C1,298.0,76,15.6,1.8656342600982674,8.356701561792665,3.314920846043748,1.3196029415112809,204.298,2.1460999999999997,0,3,1,3,0.6962524977611555
CC1=NN=C2CN=C(C3=C(SC(Br)=C3)N12)C1=C(Cl)C=CC=C1,921.0,124,43.07,2.0004285306477514,14.115210502489814,5.295675461218012,2.1361579790743708,393.6970000000001,4.4041200000000025,0,4,1,4,0.614634858815264
CN(C)CC1=NN=C2CN=C(C3=CC=CC=C3)C3=CC(Cl)=CC=C3N12,1352.0,136,46.31,1.9354286583238673,15.994809688581315,6.4251555555555555,2.9661224489795917,351.8410000000001,3.3333000000000013,0,4,3,4,0.726750257931781
C1C(C2=NCCN2)C1(C1=CC=CC=C1)C1=CC=CC=C1,751.0,112,24.39,1.7972389555410482,11.713177792095246,4.480081934998562,1.6780731210064521,262.35600000000005,2.9943000000000017,1,2,3,4,0.9032005021790173
CC(C)N1C(=O)N=C(C2=CC=CC=C2)C2=CC=C(C)C=C12,840.0,112,34.89,2.438780753958475,13.557908864503739,5.167886430257662,2.3536531527645814,278.355,3.9528200000000027,0,2,2,3,0.7110319174207936
CCC1(CCCCN(C)C1)C1=CC(O)=CC=C1,474.0,86,23.47,2.343811250460894,12.437269065941917,5.091289572002246,2.62965255911788,233.35500000000002,3.155700000000002,1,2,2,2,0.8478904413597522
COC1=C(C=CC=C1)N1CCN(CC(O)COC2=CC=CC3=CC=CC=C23)CC1,2668.0,150,45.17,1.2814356492475176,19.551847234360295,9.158801307463373,4.6336394349161605,392.4990000000001,3.410300000000002,1,5,7,4,0.6676511215871563
CN1C=C2C[C@@H]3[C@H](C[C@@H](CNC(=O)OCC4=CC=CC=C4)CN3C)C3=CC=CC1=C23,2692.0,166,46.50000000000001,1.2504644851371114,19.190003164062816,7.80082931102944,3.4748336949025354,403.5260000000001,4.064700000000003,1,3,4,5,0.7144914102401916
CN1CCN(CC1)C1=NC2=CC=CC=C2NC2=C1C=C(C)S2,958.0,122,30.869999999999997,1.8094067663599596,13.788296582061772,5.409294431379946,2.401272703146137,312.44200000000006,3.4392200000000015,1,5,0,4,0.8082561901210404
CCOC(=O)N1CCC(CC1)=C1C2=CC=C(Cl)C=C2CCC2=C1N=CC=C2,1772.0,144,42.43,1.7553254108779224,18.052915404577863,7.729953781795351,3.5865231460805265,382.89100000000013,4.887800000000005,0,3,1,4,0.7048857984659848
CC1=C(C=NO1)C(=O)NC1=CC=C(C=C1)C(F)(F)F,770.0,98,55.13,2.124666471103936,13.129450737706515,4.753017218495077,2.9280963381750933,270.21,3.2541200000000012,1,3,2,2,0.9108229912132475
CC(=O)O[C@H]1[C@H](C[C@H]2[C@@H]3CC[C@H]4C[C@H](OC(C)=O)[C@H](C[C@]4(C)[C@H]3CC[C@]12C)[N+]1(C)CCCCC1)[N+]1(C)CCCCC1,5163.0,238,52.6,1.3061146125522727,29.910546516243432,10.786724576322717,4.99022833752274,572.8750000000001,6.110500000000007,0,4,4,6,0.30133279842362654
CN1CCCCC1C(=O)NC1=C(C)C=CC=C1C,609.0,90,32.34,2.1094798492313362,13.090417626335174,5.527843562409225,2.7249309314705417,246.35399999999998,2.7262400000000007,1,2,2,2,0.8699043213708457
O=C1N(C=C(C=C1C1=C(C=CC=C1)C#N)C1=CC=CC=N1)C1=CC=CC=C1,1704.0,142,58.68,2.043525273832102,16.495846095900752,7.105352337468019,3.1429186603891663,349.3930000000001,4.438180000000003,0,3,3,4,0.5493442133854947
COC1=CC=C2C=C(CCC(C)=O)C=CC2=C1,566.0,84,26.3,2.2794935782808614,11.64944516537148,5.000460648830569,2.842966419126076,228.29099999999997,3.370000000000002,0,2,4,2,0.8015823313615686
CN1CCC2=C3[C@H]1CC1=CC=C(O)C(O)=C1C3=CC=C2,680.0,116,43.7,2.0538502232888645,11.795918367346939,3.9963269054178143,1.44,267.328,2.8499000000000017,2,3,0,4,0.7213394581196795
COC(=O)[C@@H](N1CCC2=C(C1)C=CS2)C1=C(Cl)C=CC=C1,867.0,110,29.54,1.9432242287829185,14.571987385583622,6.178250993598703,2.838691255205235,321.82900000000006,3.6739000000000024,0,4,3,3,0.807761185070717
ClC1=CC(Cl)=C(C=C1)C(CN1C=CN=C1)OCC1=CSC2=C1C=CC=C2Cl,1886.0,144,27.05,1.6101017021629744,18.78712504525035,8.210963516061211,4.152509872748839,437.7790000000002,7.016100000000004,0,3,6,4,0.3240113707540214
ClC1=CC2=C(CC(=O)N2)C=C1CCN1CCN(CC1)C1=NSC2=C1C=CC=C2,2344.0,156,48.470000000000006,1.2037543273576896,17.915323827400545,7.351296921582725,3.363098807701631,412.94600000000014,3.809000000000003,1,5,4,5,0.7074872979003035
CN1C2=CC=C(Cl)C=C2N(C2=CC=CC=C2)C(=O)CC1=O,807.0,112,40.620000000000005,2.2371936988129644,13.643835157913811,5.2201165206274105,2.3830286117828967,300.7450000000001,3.3712000000000018,0,2,1,3,0.7576569223589451
CC(=O)O[C@H]1[C@H](C[C@H]2[C@@H]3CC[C@H]4C[C@H](OC(C)=O)[C@H](C[C@]4(C)[C@H]3CC[C@]12C)N1CCCCC1)[N+]1(C)CCCCC1,4889.0,230,55.84,1.2887857139675525,28.955212786861313,10.848188792052536,4.849921274898807,557.8400000000003,5.965900000000007,0,5,4,6,0.3151098082587802
CCCCN1CCCCC1C(=O)NC1=C(C)C=CC=C1C,958.0,102,32.34,2.065054948314816,16.02802883290633,7.599376898652427,4.068068371596222,288.43500000000006,3.8965400000000026,1,2,5,2,0.8910127130247419
CC(C)NCC(O)COC1=C2C=CC=CC2=CC=C1,792.0,92,41.489999999999995,1.9779417823071141,13.84252142964087,6.547124220490315,3.9447395719001546,259.349,2.5775000000000006,2,3,6,2,0.8375057924076361
CCC1=CC=CC2=C1OC(=C2)C(O)CNC(C)(C)C,741.0,98,45.400000000000006,2.2096141777085445,14.096802314651358,5.352491563366634,3.3657671062744106,261.365,3.4167000000000014,2,3,4,2,0.8861280901991865
OC(C(=O)O[C@@H]1C[C@@H]2CC[C@H](C1)[N+]21CCCC1)(C1=CC=CC=C1)C1=CC=CC=C1,2146.0,164,46.53,1.3986085056612771,18.83312702231452,7.261553304625357,3.008073244264642,392.519,3.769700000000003,1,3,4,5,0.6364424954881173
CN1C2=C(C3=CC=CC=C13)C(=O)C(CN1C=CN=C1C)CC2,997.0,124,39.82,1.7679612527097786,13.313138633270487,4.833784702035854,1.8316089521630117,293.37000000000006,3.1285200000000017,0,2,2,4,0.7280085381147323
CC1=CC=CC(NC2=C(C=CC=C2)C(O)=O)=C1C,602.0,90,49.33,2.4024843007490344,12.174429825362497,4.918407118135079,2.3483829738413826,241.29000000000002,3.7452400000000017,2,2,3,2,0.8600549198257493
ClC1=CC=C2OC3=C(C=CC=C3)N=C(N3CCNCC3)C2=C1,936.0,120,36.86,1.8840897775171102,13.611106605640474,5.629587732114244,2.4456707425611706,313.78800000000007,3.4292000000000025,1,4,0,4,0.8093498766353517
CC(C)CC1=CC=C(C=C1)C(C)C(O)=O,404.0,70,37.3,2.7590371332701524,11.763046018991963,4.964460295417243,3.387630631562938,206.28499999999997,3.073200000000001,1,1,4,1,0.8215995486924975
CN1CCN2C(C1)C1=C(CC3=C2N=CC=C3)C=CC=C1,687.0,112,19.37,1.9017661245550797,11.915534705154961,4.599047090070975,1.8129321738332909,265.36,2.4789000000000003,0,3,0,4,0.7292796247091088
